1301skj,5
1100j0u,5
0G00r5c,5
1202v5m,5
0C01365,5
1302gp2,5
0T00ted,5
0U01og8,5
12030n2,5
0W00632,5
1000mdu,5
0602sqq,5
13028ek,5
130204c,5
1301li6,5
0J00lhb,5
0600umh,5
0K024sv,5
0701790,5
1301cla,5
0A018t9,5
1301sj1,5
0G016hn,5
0F02qrc,5
1302oal,5
13019db,5
0W0291g,5
1301j5u,5
0G00v22,5
0B02gv8,5
1301qv8,5
0A00e04,5
1301mu0,5
0601nug,5
0H01tsg,5
0K02hh8,5
130254f,5
1301hni,5
1302ckn,5
0F02ani,5
0B01mh6,5
13000jf,5
130270h,5
0H027kj,5
0Y030tm,5
13024l3,5
0B0119v,5
0M0249t,5
0B00id8,5
0C021tr,5
0R008j9,5
13002gs,5
0K00a53,5
0M026e8,5
1301q0t,5
0G01rk7,5
12030o2,5
0G0112e,5
0700lci,5
1301c9p,5
0G01n62,5
0W01dcr,5
1301quh,5
1301s8a,5
0A01fjn,5
0T00nsl,5
0M023ha,5
1000pb2,5
13019dp,5
0R015sp,5
0F027v6,5
0F02dj3,5
0G02hvg,5
1301lhp,5
0302kvt,5
13027oq,5
0w01had,5
1300nvp,5
0F001pb,5
1302j63,5
1301fki,5
1202v5a,5
0202dsj,5
1302n31,5
0H02hr7,5
0T00oj2,5
0H007us,5
0B005e2,5
0000p01,5
0C0283q,5
0W02i9c,5
0G0030n,5
0K01phn,5
1202v82,5
0R00uic,5
0T01sdr,5
130236b,5
0R020pi,5
1202osk,5
0J02ace,5
1302had,5
1302lq4,5
1301j60,5
1302jtq,5
0C0285c,5
0G02s7s,5
1000euc,5
0Y00lj2,5
1302oau,5
0K021vf,5
0C01q1a,5
0C01mkr,5
1302vl3,5
1302a9c,5
1302lpp,5
0M009e1,5
0M01glg,5
13027no,5
0B02e6a,5
0F00atr,5
0G00n0o,5
0F02app,5
0F021ds,5
1301ija,5
0H0148p,5
0Y006cl,5
1301hlt,5
1302eeq,5
0301ve2,5
0J02066,5
0A00utd,5
1302ao4,5
1302ko4,5
0Y01tif,5
1000n4n,5
1202unf,5
1301sii,5
0C01721,5
1301v3h,5
0K02st1,5
0H02cde,5
0A00tc0,5
1301tv6,5
0801le9,5
1202qag,5
1301mbg,5
0R00aba,5
1302451,5
0B02erj,5
0A0270f,5
0M0118n,5
0U02cc3,5
10002n3,5
13023ef,5
0B018f8,5
13007d1,5
0B0222n,5
0Y00g3k,5
0C00lp1,5
0601mh7,5
0A00cnp,5
13023fm,5
13000j3,5
0301kjg,5
0T026cp,5
0M024pb,5
0G003je,5
0M00pnl,5
0A015h2,5
0T02qea,5
1301ii9,5
0Y00nr6,5
0U00lcp,5
10004fs,5
1301qm4,5
13016if,5
06008be,5
0A031kn,5
1301v4e,5
1302m1r,5
0M01e0j,5
1301rkq,5
0A01kc4,5
0C00mbq,5
1300olo,5
0H015g4,5
1301rlq,5
0W029bd,5
0H014nv,5
0H02utm,5
13022k8,5
130234l,5
1302g47,5
130235b,5
12030jp,5
0302jej,5
0M00m5a,5
1301t9c,5
0C0060i,5
13021j5,5
0C025sk,5
0H00bg5,5
1301tch,5
0U02cco,5
1302phc,5
100021l,5
0C00rvg,5
13025s8,5
1302aad,5
13022k2,5
0F023au,5
120316t,5
0K0244h,5
1302fa9,5
0102fd2,5
1302dio,5
0A02k6i,5
1301nd3,5
1302edd,5
0M01n5v,5
0J00841,5
0F00u8e,5
0W01dd7,5
0A00hb4,5
0A01612,5
0A00edq,5
1301qve,5
0A01bft,5
0M0053r,5
0S01f4a,5
0B006ca,5
0G00b5t,5
0U00d54,5
0H023dk,5
0G018t8,5
1201tab,5
1301j4o,5
0C006lk,5
1302mlv,5
0Y02589,5
1202mph,5
0A01b11,5
0802bld,5
0F02sho,5
0K00lb4,5
13028pm,5
1301cl7,5
0J00d64,5
0B027ag,5
0702fpc,5
1302nsm,5
0J01hlo,5
1302ie6,5
0B00cgn,5
0F008ie,5
0M02b8v,5
0B017go,5
0802hrg,5
1001p5a,5
1301f0b,5
1301oqb,5
1302is3,5
13005tc,5
0G01m4q,5
0Y02bv3,5
0A0020c,5
0C020c2,5
0M0020q,5
11000ag,5
1302fsd,5
0A00g2q,5
1301c81,5
0100uoo,5
1301dsv,5
0R006jd,5
1301s5i,5
1301ncm,5
0F00e1p,5
0J00lnb,5
0H003v3,5
0H01gnd,5
0J028gf,5
1301u09,5
0K011p8,5
0J02nf0,5
0F00svd,5
0G015l3,5
0K02k2r,5
0H00q15,5
0J01poo,5
0K01of3,5
13019oe,5
1300196,5
0A01j0g,5
1301aju,5
0M021uc,5
0F02u02,5
0F02g59,5
0F00nk8,5
0G01blp,5
1301hm5,5
130254j,5
1301clh,5
0B001qh,5
0Y02dvt,5
0C02e1m,5
0S00508,5
1302mm8,5
130019m,5
0R02e5s,5
0802fr9,5
1302j6t,5
0302qb2,5
0802l8c,5
0J00cb9,5
10003pa,5
0H01hrf,5
1301pv6,5
1301f07,5
0700ib5,5
1301qvn,5
0Y01qt6,5
1302j62,5
0U002h1,5
1300moh,5
0M004pa,5
0A021cr,5
0U023hc,5
0M02glt,5
0M01k5e,5
0G02jbc,5
1001mhl,5
13005dk,5
0M028o1,5
0J0038k,5
0300kuc,5
1000gtc,5
0A02spo,5
0J02bg5,5
0K00ooa,5
0G02ppt,5
0R02090,5
1302e3u,5
13027o9,5
1302fr3,5
0C00otp,5
13026hi,5
0B010r1,5
0201mog,5
0M009hc,5
0R0103j,5
0B01msg,5
0602c4q,5
1301tci,5
0R00cid,5
1302lpe,5
0702gr9,5
0301kbn,5
13026jo,5
1000oip,5
1302m24,5
0J02566,5
1300mt8,5
0A01576,5
0G02s7t,5
13000hp,5
0R01if8,5
0R00alc,5
1302424,5
0A016ob,5
1302c70,5
0F00qcs,5
1301qh6,5
09009dn,5
0000c0a,5
0M00lok,5
10025eb,5
1302pia,5
13019nh,5
1000qe9,5
0G00qsu,5
0T00las,5
0K014u4,5
1301evn,5
0201iel,5
0S021gh,5
0G00aan,5
130244u,5
0H006o0,5
13026u6,5
1301fil,5
12030o1,5
1301qj5,5
1302e4n,5
0T01rlv,5
0W003gp,5
10009js,5
13028qh,5
0C001pg,5
0901ah3,5
1301l5m,5
05021ge,5
13000k0,5
0A02vd3,5
0F021g3,5
0H011vi,5
1301tu1,5
0M01r7b,5
1301jj4,5
0R00ie0,5
0T00lkv,5
05030k6,5
13021sr,5
0B00akq,5
10009ut,5
13022kb,5
0001ai2,5
13002gt,5
0U01mis,5
0C02ip9,5
0J00t8f,5
0A008db,5
0C01sgf,5
1000ajq,5
1302p73,5
0W00tk3,5
1302ab4,5
0001cqb,5
1202ltf,5
0H02k1b,5
0H01ikq,5
0G02832,5
0A02aod,5
1000pa3,5
0U00neq,5
0B013d7,5
1301f15,5
0A01d1s,5
1301mb7,5
0H00012,5
0H00505,5
1301muh,5
0A00rrc,5
0H00ebc,5
0G02ah7,5
0M02v2a,5
0A02mst,5
0H00crk,5
0T02p3i,5
0T026er,5
0H02oda,5
0H010b5,5
1202qvp,5
0F02snt,5
1301kdo,5
1002nhu,5
0T02ljb,5
1301mct,5
0Y01798,5
0B00onp,5
0C0049f,5
0B01l4f,5
1301iib,5
0B01lq0,5
0J00f8r,5
0G01mlh,5
13000hi,5
0A00rh7,5
0B00af8,5
13024kr,5
0F02l6o,5
1301ptp,5
0B027jl,5
1301cld,5
1301tuf,5
0J02om3,5
0A01g2k,5
130243h,5
1302lp3,5
0J02n2u,5
1000221,5
1300hnu,5
0H01for,5
1302hnk,5
1301s8k,5
0K01osq,5
0M02htu,5
1302btr,5
0H015l5,5
0H010k0,5
0k01qr8,5
0T02iml,5
1202uos,5
1301ncd,5
0J024fq,5
0C0147g,5
13021ib,5
110049h,5
0T01khc,5
0C02cr3,5
0U02g8u,5
0Y00jid,5
0R02296,5
0W016c9,5
11006gd,5
10015uq,5
1001402,5
1001abr,5
0Y029vr,5
0T01r2g,5
0Y01uj6,5
0W01g5d,5
100161i,5
0W00ai7,5
08030kk,5
0Y00aq1,5
10000gk,5
0C00tln,5
01011ql,5
0Y00bjb,5
0W00t7l,5
100159m,5
1001jje,5
0W00k6d,5
0U02sef,5
0W014uf,5
0U023fr,5
1002l05,5
100140m,5
0W00hpv,5
1000g51,5
1002j3t,5
0302kv9,5
1002ol5,5
060142m,5
1001ab4,5
01024cj,5
0T02c7f,5
1000pj8,5
07023sn,5
0U01ft6,5
1001hqh,5
05019iq,5
1002220,5
0Y01qob,5
0T0139l,5
0Y014vq,5
0Y00jm1,5
0U0011i,5
0W01lsi,5
0Y02bbb,5
08010oa,5
0Y0053e,5
0400n0h,5
0S01spi,5
1100361,5
11006sp,5
0W02vjb,5
0902e1m,5
10017tm,5
0T01q6k,5
10011k4,5
0T01s9a,5
0402j34,5
0Y01bhe,5
100216c,5
110018s,5
0W02peb,5
0H02ods,5
0T01rd0,5
0Y01vnt,5
0R0210m,5
0S01bf8,5
1001e9h,5
0U00pri,5
1001bi3,5
09007o4,5
0Y00630,5
0T00hrm,5
0W018si,5
0W00bub,5
0T02481,5
0Y00oeu,5
10016b0,5
0W030li,5
0Y026e2,5
0U0057l,5
1001l94,5
0U00a8m,5
0W02tji,5
11027fl,5
1001d9q,5
0Y00qur,5
0U00lsd,5
0400r7q,5
0W02rgh,5
0Y02jsm,5
1000jgg,5
1000pan,5
1001b60,5
0Y030b6,5
1002srb,5
0S029c5,5
0G00rs5,5
0002fk6,5
1002ob8,5
0R02v7m,5
100139p,5
0Y0006c,5
0W01qob,5
1002o1s,5
0601bcu,5
0Y01la2,5
0W00jiq,5
0W02t4d,5
0F020fn,5
0R01q54,5
0W011dm,5
0W02fr6,5
0F020q2,5
1002ri3,5
1001ulj,5
1001srt,5
0402t2r,5
0H00crb,5
0W01q0t,5
0Y013hq,5
0Y011cq,5
0Y028ba,5
0R018tk,5
0W00mr2,5
0Y02r9g,5
0S00pv2,5
0W01fr2,5
1001uln,5
1003124,5
0U00ncn,5
0Y00217,5
0W014ei,5
1001529,5
0Y02g9m,5
0G013dj,5
0Y004k9,5
0Y0306q,5
0502v0g,5
0Y02g9e,5
0T027id,5
0Y02gja,5
04013ns,5
0Y023e8,5
0H00fr6,5
0W02fve,5
0902ife,5
0W02q3i,5
11001ab,5
1002ieq,5
0502sia,5
0W01ia4,5
0Y02hmk,5
0U00r9t,5
0W00hqc,5
0Y02goq,5
0Y01k5r,5
0W020oa,5
0H004vr,5
1001kfl,5
0Y015pd,5
1002obt,5
0R01kfb,5
03000ig,5
100075c,5
0Y00nms,5
1001fqb,5
0B00490,5
0W0308f,5
0W024c3,5
0W010lo,5
0W01fqm,5
0U02dsf,5
10020b5,5
0W00buf,5
09027jf,5
1001qe7,5
0U023ik,5
0302cjf,5
1002p6s,5
110036q,5
0Y01t94,5
1000n59,5
10025if,5
0W01qv4,5
1001i6m,5
0W00if4,5
0Y00r0l,5
0Y005nn,5
0002aca,5
0U02lao,5
1002qkq,5
10013au,5
0J01g20,5
1001tpm,5
0W00sqd,5
0W00h8t,5
0Y027vp,5
0Y0218j,5
10017k2,5
1001krq,5
0Y00tkv,5
0W018ds,5
1002mgh,5
0101ulg,5
0Y02g90,5
1001bti,5
0H00u5o,5
0M01618,5
0Y0151r,5
0Y021qt,5
1000m3r,5
0T02e52,5
0800rfk,5
0W01lt6,5
0Y00vie,5
0R02ter,5
0W01ljm,5
1001f17,5
0W0291b,5
0Y00h8b,5
0Y00068,5
0G00fll,5
0F0211v,5
0Y02d3t,5
0402gl9,5
0F02bi3,5
1000qee,5
0W017g0,5
1002lc0,5
0U02vm6,5
0T00s57,5
1002ieo,5
0Y00s61,5
0Y00eb8,5
0W00q06,5
0T02go0,5
0A004c0,5
0Y02t7i,5
0Y02i0a,5
1002b43,5
0T0092q,5
0Y01e7c,5
0R01u7l,5
0U02f3l,5
0W02rng,5
0U016nv,5
0402eoc,5
0Y020t2,5
0T02hgb,5
0H02vq8,5
0W00ko2,5
10012kt,5
0R00jnq,5
0Y01d31,5
0Y00qnj,5
0302nk7,5
0Y00ptm,5
0Y0098l,5
0U007ta,5
0W00v05,5
1001521,5
0W0150s,5
0T02lm3,5
0F00jj3,5
0R0190n,5
0W01gdi,5
0500e3n,5
1001isc,5
0C02umg,5
0W00tki,5
0Y02cls,5
0S00h6u,5
1002f84,5
0W00m9l,5
0Y00252,5
0S02tsp,5
0W02gih,5
0Y01fm5,5
0W02mai,5
0Y02tkc,5
0T01r3j,5
0W028pf,5
0U016lf,5
0W01oej,5
1001kgl,5
09012dj,5
0S009c6,5
0S00dsh,5
0R01u5d,5
100159h,5
0Y00sg8,5
0H02oso,5
02011hc,5
0W02tah,5
0Y02q5v,5
0C021ob,5
0W00pmk,5
0W00tgd,5
0T01j3l,5
0G022aj,5
0R02ns8,5
10000hr,5
0Y0171h,5
11006gh,5
0001dg0,5
0300csm,5
0T01087,5
0S00agl,5
0Y00236,5
1002dru,5
0Y020s3,5
0Y008vi,5
0802cbi,5
0R0297v,5
0Y00ntv,5
0T0085h,5
0W02hvs,5
0R00roo,5
0U02ni5,5
0S02341,5
0901mh7,5
08006o6,5
10026d7,5
1000i65,5
0W00m6r,5
0G026ee,5
1001ul3,5
030272m,5
0W02ppq,5
0U0139c,5
0602nc4,5
0W01h80,5
0Y031e9,5
0J025li,5
0R00b8j,5
0W01emb,5
0W027qt,5
0W01qei,5
0W00t8r,5
0W016ap,5
0Y00a1d,5
0T020gc,5
0G012re,5
0Y02rkn,5
0W00c0f,5
0u02q3q,5
11003qd,5
0W02eau,5
0W01a47,5
0W024c1,5
1001d99,5
1001gic,5
100179f,5
1001ac7,5
1002ngj,5
1001for,5
0W013g1,5
0Y011c5,5
0W0253i,5
0W00fkk,5
0U00u96,5
0T02fb6,5
0H02a35,5
1002csk,5
0T027h7,5
10015b1,5
0T02672,5
10021in,5
1001m77,5
0501hs5,5
0Y023pn,5
10017up,5
0Y02su0,5
1001abh,5
05024l6,5
0Y00uiq,5
0T02vpq,5
0W0148h,5
1001cl0,5
0R01q8i,5
1000cdl,5
0W01la0,5
0302im2,5
0T008c9,5
0T01btr,5
1001s44,5
0T00rb7,5
0300e2m,5
0Y02eon,5
0W00p14,5
0R00jbk,5
0Y0021p,5
0W02pqk,5
0W021cg,5
0W02qrm,5
0Y02c2e,5
0T02m1d,5
0W00v27,5
0W00ftq,5
1100blb,5
0J02j3q,5
0U02n6a,5
0Y02r83,5
0R02aal,5
0Y02q4e,5
0T00sqv,5
0Y01562,5
0W01imo,5
0W02v95,5
0M01p2k,5
0S00sd2,5
0R02toa,5
1001i68,5
0Y000si,5
0U01urv,5
0R01b0j,5
0W02ved,5
0R03090,5
0Y00he3,5
0Y01k36,5
0T0064u,5
0300j17,5
0Y01b72,5
0Y00ap8,5
0M02rf3,5
1001o8g,5
01007l8,5
0U031kc,5
1002lbq,5
10016jm,5
0Y01bcv,5
0W01qn5,5
100177l,5
0W0163j,5
0Y00pnn,5
0S01m50,5
0T00u79,5
0S02eko,5
0R0264d,5
1000742,5
0Y02v56,5
0W01ltt,5
0Y00j38,5
10029cp,5
0Y028bf,5
0W00fsv,5
0Y02eo3,5
1002db7,5
0800ftl,5
0Y02ion,5
0W01qii,5
10016a7,5
02024f0,5
0W01jhr,5
05005ql,5
0W02jrq,5
1000qem,5
0Y01lbp,5
0Y02t7n,5
0Y01urg,5
0000c2s,5
0W0227b,5
0W01gf0,5
0Y02qfl,5
0T02nv9,5
0T02880,5
1001428,5
0Y012dv,5
0802gef,5
0S00ubc,5
1002lbp,5
0U024bi,5
0W01j18,5
100149i,5
0Y0306s,5
0W01r3i,5
0C02gec,5
0Y028p4,5
03005so,5
0W01qt4,5
1001uk4,5
1001gh1,5
0W00t01,5
0U00dpv,5
0U00c61,5
0W02vde,5
1002jv1,5
0Y00i47,5
1001abu,5
1002ss4,5
0W011bi,5
0R00num,5
0Y02gae,5